,watchedVideoId,WatchedDate,user_id,video_id
0,1,2022-05-05,41,vRFS0MYTC1I
1,2,2022-05-05,394,lIgtAxmA800
2,3,2022-05-05,673,VDz87RfzDps
3,4,2022-05-05,866,iWalQYaJ9fk
4,5,2022-05-05,66,baJL6bXVJfE
5,6,2022-05-05,24,2ZmxTqnbTCE
6,7,2022-05-05,833,igOlNSCKPkQ
7,8,2022-05-05,124,sb6btAnwlSw
8,9,2022-05-05,603,fYVouIyOXC0
9,10,2022-05-05,268,1tOpqS8JNgY
10,11,2022-05-05,429,FGTRPM2qmR8
11,12,2022-05-05,141,o2L1mnfIjtA
12,13,2022-05-05,713,3C66w5Z0ixs
13,14,2022-05-05,568,wheQWur9ZVM
14,15,2022-05-05,759,UPW-k692nCM
15,16,2022-05-05,448,NgovswOAZKU
16,17,2022-05-05,139,0opZqh_TprM
17,18,2022-05-05,814,Vxo8S4kt5Ts
18,19,2022-05-05,389,8-LN9xU9lLQ
19,20,2022-05-05,45,aG8QsfDisdg
20,21,2022-05-05,942,p35UfHw7PPI
21,22,2022-05-05,213,vRFS0MYTC1I
22,23,2022-05-05,404,Ut4atfudXr8
23,24,2022-05-05,229,Cqbleas1mmo
24,25,2022-05-05,875,oLANayJXv4I
25,26,2022-05-05,127,aAgJernobg8
26,27,2022-05-05,687,28YwvwneKoY
27,28,2022-05-05,68,7vR2lPExR00
28,29,2022-05-05,653,XW2E2Fnh52w
29,30,2022-05-05,165,XW2E2Fnh52w
30,31,2022-05-05,432,4sZ2_aGsLKU
31,32,2022-05-05,15,2m4KvR8hZwk
32,33,2022-05-05,283,5hzU10CbWy8
33,34,2022-05-05,796,igT8XYYhkmo
34,35,2022-05-05,995,QDv9Fy5XAxY
35,36,2022-05-05,930,3-2dn0VupZM
36,37,2022-05-05,483,WjM0t2r88vc
37,38,2022-05-05,489,NuExff4-ty4
38,39,2022-05-05,560,b703NY5__pA
39,40,2022-05-05,734,BFkh9SgyAMs
40,41,2022-05-05,465,FopIxceEr8g
41,42,2022-05-05,971,jbwLmmlixJs
42,43,2022-05-05,551,prSxHZBY3CU
43,44,2022-05-05,81,bgIKKDAPUvI
44,45,2022-05-05,125,aUbiImdfdwE
45,46,2022-05-05,251,BpXkl4VdFhA
46,47,2022-05-05,668,_rJYc_k-w84
47,48,2022-05-05,642,zJCdkOpU90g
48,49,2022-05-05,659,sSjtGqRXQ9Y
49,50,2022-05-05,552,wo2GaTccoZg
50,51,2022-05-05,638,D-ocerKPufk
51,52,2022-05-05,466,d5AzUa5zABI
52,53,2022-05-05,900,_A4tedL3uCw
53,54,2022-05-05,29,Cco7ONFKx28
54,55,2022-05-05,276,a-27udNAzaY
55,56,2022-05-05,713,ffygKCta8KQ
56,57,2022-05-05,291,OcXbdD_KyDo
57,58,2022-05-05,199,KHeVTRrg4h8
58,59,2022-05-05,155,d5AzUa5zABI
59,60,2022-05-05,712,IuMAHR0OtH4
60,61,2022-05-05,923,rZUTFDjDZSQ
61,62,2022-05-05,166,VIUo6yapDbc
62,63,2022-05-05,254,e1tOrEewEwk
63,64,2022-05-05,939,sDBODXMrcj8
64,65,2022-05-05,197,LI1hCQ-6P0Y
65,66,2022-05-05,44,kz7gHA2N6nQ
66,67,2022-05-05,670,svSum3qw0EI
67,68,2022-05-05,258,vysBEblWBoQ
68,69,2022-05-05,299,vRXZj0DzXIA
69,70,2022-05-05,136,B0BWxxwA__s
70,71,2022-05-05,941,L2O-ZLKLhiw
71,72,2022-05-05,392,1aSS1HwnwF0
72,73,2022-05-05,190,s7Rne3KEms8
73,74,2022-05-05,780,zsXhHhSPrnc
74,75,2022-05-05,838,1hx4vCChBlI
75,76,2022-05-05,145,nmMUU2VvgI8
76,77,2022-05-05,327,korwt6MHfkA
77,78,2022-05-05,57,tOQgGQKi-n4
78,79,2022-05-05,366,NSuaUok-wTY
79,80,2022-05-05,767,RA86c9veerc
80,81,2022-05-05,791,saMLAFOuGjA
81,82,2022-05-05,975,K68kWiibHlU
82,83,2022-05-05,793,YON0XPlklcw
83,84,2022-05-05,137,POhsRpnErqA
84,85,2022-05-05,843,p7hizWT2Og4
85,86,2022-05-05,23,A5RHu1lTv14
86,87,2022-05-05,560,N5KpIE2tz8M
87,88,2022-05-05,118,g0P4j0l__rA
88,89,2022-05-05,947,5hzU10CbWy8
89,90,2022-05-05,713,5A0hhsYVO1Q
90,91,2022-05-05,987,eS4QgTifeFY
91,92,2022-05-05,598,Dz8w_Hnjmdg
92,93,2022-05-05,646,DolI_GRcc3M
93,94,2022-05-05,882,fw4R3BLMc3U
94,95,2022-05-05,31,BFkh9SgyAMs
95,96,2022-05-05,963,K_uCyxNsHpo
96,97,2022-05-05,232,ymjtB5BrEoM
97,98,2022-05-05,464,8cfL6UbItDk
98,99,2022-05-05,618,c5AqSPDWflA
99,100,2022-05-05,441,1d0Zf9sXlHk
100,101,2022-05-05,278,_J9Z74dQXrQ
101,102,2022-05-05,251,eS4QgTifeFY
102,103,2022-05-05,371,rmn4F-K2RRI
103,104,2022-05-05,454,3X2Ixm-h6WI
104,105,2022-05-05,735,1hx4vCChBlI
105,106,2022-05-05,641,Pa-64fUsyZU
106,107,2022-05-05,145,q4vdACLx-hQ
107,108,2022-05-05,508,6jKjB0XT-oE
108,109,2022-05-05,607,YwJyis4yOEA
109,110,2022-05-05,968,tjXM6u36O98
110,111,2022-05-05,396,XvWO9WDorx4
111,112,2022-05-05,489,E6P-dZWmFfo
112,113,2022-05-05,56,xCkpA4_H1x4
113,114,2022-05-05,807,JIqNeCbxICU
114,115,2022-05-05,272,qiC1HPtvxC0
115,116,2022-05-05,316,hQq7ZSgvhtU
116,117,2022-05-05,835,Ww-8nQNfNT8
117,118,2022-05-05,652,6t8mcSuA0sg
118,119,2022-05-05,635,lw68FF0GEX8
119,120,2022-05-05,775,24u3NoPvgMw
120,121,2022-05-05,741,GfsLT7W80AE
121,122,2022-05-05,570,fzSNu5-47oE
122,123,2022-05-05,681,JSAfPh1A25E
123,124,2022-05-05,547,-5Rr3tf9Q6I
124,125,2022-05-05,460,7osSbbc2xVg
125,126,2022-05-05,598,aP1DPbBGxRE
126,127,2022-05-05,236,prSxHZBY3CU
127,128,2022-05-05,342,opNYKWnfXlg
128,129,2022-05-05,363,6g0P65dhYsY
129,130,2022-05-05,722,4OCcbUZuTUQ
130,131,2022-05-05,997,7wpxSKrd77Y
131,132,2022-05-05,931,-5Rr3tf9Q6I
132,133,2022-05-05,133,SWlnzF8bFXM
133,134,2022-05-05,539,zS33yflGE_k
134,135,2022-05-05,948,sUQYaF4yH0Y
135,136,2022-05-05,52,1d0Zf9sXlHk
136,137,2022-05-05,255,hz9_jkrrptU
137,138,2022-05-05,7,WS18WGCUSng
138,139,2022-05-05,93,DxoXPG4aDzo
139,140,2022-05-05,823,GVpEfA1-p9s
140,141,2022-05-05,722,4fSGeKU5Mvw
141,142,2022-05-05,994,MyG7b30qaRY
142,143,2022-05-05,856,4y0hNMccOEM
143,144,2022-05-05,574,zU6YfDu2EIs
144,145,2022-05-05,868,MyG7b30qaRY
145,146,2022-05-05,160,1hx4vCChBlI
146,147,2022-05-05,290,q93IX7Ou3kg
147,148,2022-05-05,494,jgZxKSYfTcs
148,149,2022-05-05,305,-risbrFHbBU
149,150,2022-05-05,163,AnDhlrs3XVM
150,151,2022-05-05,981,rviFWKEy6kE
151,152,2022-05-05,819,zid3RxWQbVg
152,153,2022-05-05,957,Pq1yPc-2buA
153,154,2022-05-05,224,GldH1rNEhok
154,155,2022-05-05,523,AtOijk1pNvM
155,156,2022-05-05,673,SEp7gnM0Ms8
156,157,2022-05-05,504,B14KGvONHT0
157,158,2022-05-05,665,wd4e9qX-ZZs
158,159,2022-05-05,604,kSK-wfF8QeM
159,160,2022-05-05,755,G6PZm8vhm6I
160,161,2022-05-05,306,IhVf_3TeTQE
161,162,2022-05-05,355,q4vdACLx-hQ
162,163,2022-05-05,319,eQhWGnKw5Hc
163,164,2022-05-05,269,NgOg1ICSsBY
164,165,2022-05-05,571,ZooxleIOufM
165,166,2022-05-05,134,D5LbWhfElgk
166,167,2022-05-05,98,JSAfPh1A25E
167,168,2022-05-05,350,3LopI4YeC4I
168,169,2022-05-05,519,PRU3qndohWI
169,170,2022-05-05,186,B_Z4_wEs3q0
170,171,2022-05-05,826,GTwCNXEELOM
171,172,2022-05-05,838,PT6hPvOqTYc
172,173,2022-05-05,856,fYVouIyOXC0
173,174,2022-05-05,211,53PcrhnHuwQ
174,175,2022-05-05,505,6IN4ZcZAUbA
175,176,2022-05-05,441,j0QDsgl_eT4
176,177,2022-05-05,199,1-9FEL1gkrA
177,178,2022-05-05,382,vzXYz61U3Gk
178,179,2022-05-05,43,g-KDbmniV2U
179,180,2022-05-05,634,zIL7UInPycU
180,181,2022-05-05,444,mLOe7vGI0YI
181,182,2022-05-05,212,UPW-k692nCM
182,183,2022-05-05,630,qQ8domUSU7M
183,184,2022-05-05,704,D-ocerKPufk
184,185,2022-05-05,838,tlaJcXTEFWs
185,186,2022-05-05,410,rs2Rcu0s_2k
186,187,2022-05-05,45,aMJXYgTOyhE
187,188,2022-05-05,552,3vPJ-12LxrM
188,189,2022-05-05,448,aS1no1myeTM
189,190,2022-05-05,76,cimnKDoCViY
190,191,2022-05-05,924,7eQG8mRlYHM
191,192,2022-05-05,119,56bUgtG8Gzg
192,193,2022-05-05,149,u0LaoQks5mY
193,194,2022-05-05,724,hT3pPAdnlfA
194,195,2022-05-05,564,6t8mcSuA0sg
195,196,2022-05-05,381,2p2L1g5t_34
196,197,2022-05-05,253,kyq1Qu5vA_I
197,198,2022-05-05,477,GriVUALC6Wg
198,199,2022-05-05,468,aP-6YKPn09Q
199,200,2022-05-05,776,sMpLav04Ha0
200,201,2022-05-05,415,z0K6r1hoD7I
201,202,2022-05-05,232,ZooxleIOufM
202,203,2022-05-05,354,0VJ37Gsmq4Y
203,204,2022-05-05,371,iWalQYaJ9fk
204,205,2022-05-05,860,BNgT_WWmS44
205,206,2022-05-05,420,lcnWx5tiwhM
206,207,2022-05-05,505,zyrJ0j7x9-4
207,208,2022-05-05,755,ar6UiTbuoSU
208,209,2022-05-05,849,j0RBVqJ_C_M
209,210,2022-05-05,446,QKx-eMAVK70
210,211,2022-05-05,991,eQhWGnKw5Hc
211,212,2022-05-05,762,X57qD_LTRgY
212,213,2022-05-05,956,hpMeCem6Hss
213,214,2022-05-05,677,NSuaUok-wTY
214,215,2022-05-05,166,lw68FF0GEX8
215,216,2022-05-05,914,3N7OVLyRK6g
216,217,2022-05-05,122,gHPubcpGkrk
217,218,2022-05-05,16,vRXZj0DzXIA
218,219,2022-05-05,622,AnDhlrs3XVM
219,220,2022-05-05,192,z5l8ovbw_6M
220,221,2022-05-05,545,XlOLx3fyf10
221,222,2022-05-05,189,JijFLcbIqMs
222,223,2022-05-05,789,MORpybHP4po
223,224,2022-05-05,534,jgZxKSYfTcs
224,225,2022-05-05,838,izVdUXx5zaU
225,226,2022-05-05,680,uUaPFMqwfAk
226,227,2022-05-05,534,9Wo9U7Cp8Fs
227,228,2022-05-05,503,GTp-0S82guE
228,229,2022-05-05,162,u-WoEXGV9l8
229,230,2022-05-05,369,zS33yflGE_k
230,231,2022-05-05,171,P416UUerDVs
231,232,2022-05-05,91,BNeDH6UTmXw
232,233,2022-05-05,955,DxoXPG4aDzo
233,234,2022-05-05,377,w-aidBdvZo8
234,235,2022-05-05,43,KOIgb6lQ1JY
235,236,2022-05-05,495,vOpySfXMe6w
236,237,2022-05-05,631,MPMJin0BTqE
237,238,2022-05-05,478,m7fS0eNHFxE
238,239,2022-05-05,510,Fo0Ky9tiUUg
239,240,2022-05-05,536,WS18WGCUSng
240,241,2022-05-05,606,StxW3LwqIFo
241,242,2022-05-05,221,HQ92dM6MYSY
242,243,2022-05-05,536,GEAy7eXb2lo
243,244,2022-05-05,498,dnXMsBekX80
244,245,2022-05-05,368,vOpySfXMe6w
245,246,2022-05-05,477,nmMUU2VvgI8
246,247,2022-05-05,636,VHPT8pL_RLA
247,248,2022-05-05,945,GGEBtW2mWOk
248,249,2022-05-05,595,am1ILCU6KCI
249,250,2022-05-05,982,ELS5RLbSukU
250,251,2022-05-05,79,JdRlookJMso
251,252,2022-05-05,475,8oKYK1MPwhM
252,253,2022-05-05,511,bdKm5hR2mBg
253,254,2022-05-05,606,FoSe_KAQEr8
254,255,2022-05-05,307,j0RBVqJ_C_M
255,256,2022-05-05,555,THQH9QJKrIE
256,257,2022-05-05,708,OYIMiOEItpM
257,258,2022-05-05,860,jmFd8oF_ipc
258,259,2022-05-05,732,hz9_jkrrptU
259,260,2022-05-05,348,5K5bzrNCLvI
260,261,2022-05-05,93,aG8QsfDisdg
261,262,2022-05-05,142,dANJlolAYyA
262,263,2022-05-05,265,7erD56xKJaM
263,264,2022-05-05,97,J_n01uvyhI8
264,265,2022-05-05,921,lkBI8fNStMM
265,266,2022-05-05,495,CqRKOY4Cgvw
266,267,2022-05-05,404,kgkALngcgnE
267,268,2022-05-05,881,waImBy8OMrs
268,269,2022-05-05,731,jqPofJ3tKKM
269,270,2022-05-05,535,kgkALngcgnE
270,271,2022-05-05,187,6t8mcSuA0sg
271,272,2022-05-05,126,FvmrJbKbVWQ
272,273,2022-05-05,859,rhAhi9PKKwY
273,274,2022-05-05,660,GsL8veaFW-s
274,275,2022-05-05,617,_jj_-ElKrdM
275,276,2022-05-05,392,7p8Edk23dRk
276,277,2022-05-05,399,GTwCNXEELOM
277,278,2022-05-05,214,p35UfHw7PPI
278,279,2022-05-05,22,Ut4atfudXr8
279,280,2022-05-05,762,446fgjNuhTQ
280,281,2022-05-05,543,aAgJernobg8
281,282,2022-05-05,281,XvWO9WDorx4
282,283,2022-05-05,409,GZbd619yvyo
283,284,2022-05-05,295,JM1U-Whb-P0
284,285,2022-05-05,126,N2YxXgco_68
285,286,2022-05-05,992,JijFLcbIqMs
286,287,2022-05-05,7,8cfL6UbItDk
287,288,2022-05-05,215,UUGj3gCf3sg
288,289,2022-05-05,906,n7CuyHF_0rY
289,290,2022-05-05,46,hz8wr3MyWdU
290,291,2022-05-05,42,hBwgvoCFqZk
291,292,2022-05-05,15,3bC2T0oFwoo
292,293,2022-05-05,998,LsNg-KrFxCA
293,294,2022-05-05,302,jgZxKSYfTcs
294,295,2022-05-05,776,THQH9QJKrIE
295,296,2022-05-05,415,re4nmwWJrBU
296,297,2022-05-05,936,gWVn4jp6Mgo
297,298,2022-05-05,503,gRKGiLwHTzA
298,299,2022-05-05,341,5xd9lQ0G78Q
299,300,2022-05-05,835,eQhWGnKw5Hc
300,301,2022-05-05,972,CfHieQ0SwpA
301,302,2022-05-05,688,sfwHgl0upgU
302,303,2022-05-05,154,Dc8XsWQMcs8
303,304,2022-05-05,645,XErqb6mKAhA
304,305,2022-05-05,12,9ccS1diuNhc
305,306,2022-05-05,83,FopIxceEr8g
306,307,2022-05-05,762,c8Jyk00_cBk
307,308,2022-05-05,164,aP1DPbBGxRE
308,309,2022-05-05,904,cAtazIk1IYw
309,310,2022-05-05,196,qbUCnpJRCZg
310,311,2022-05-05,448,NYXABBpPJss
311,312,2022-05-05,24,hpMeCem6Hss
312,313,2022-05-05,668,mKPKlNZe7hU
313,314,2022-05-05,552,V06FJGSQ3Ug
314,315,2022-05-05,230,mAic0BRNz-U
315,316,2022-05-05,241,L83xHjt4goc
316,317,2022-05-05,546,YrlByJi9uKc
317,318,2022-05-05,119,oH9gM9_85oU
318,319,2022-05-05,961,z2DAfhsg0I8
319,320,2022-05-05,236,uf-36RC6JHE
320,321,2022-05-05,806,iR7UweUPeNw
321,322,2022-05-05,96,Qn8dMQJlDZE
322,323,2022-05-05,202,FFt_dffYAtA
323,324,2022-05-05,935,ydipwkP8r_Y
324,325,2022-05-05,918,2EVFYstVuVk
325,326,2022-05-05,788,WU6EHi410UQ
326,327,2022-05-05,648,pPajUA64b0o
327,328,2022-05-05,539,BNeDH6UTmXw
328,329,2022-05-05,45,NLOp_6uPccQ
329,330,2022-05-05,730,sSjtGqRXQ9Y
330,331,2022-05-05,608,RJFNrdfvHbY
331,332,2022-05-05,96,KnE6u4hFx14
332,333,2022-05-05,469,9g9j2s13I2s
333,334,2022-05-05,129,xE2f745DICI
334,335,2022-05-05,607,-risbrFHbBU
335,336,2022-05-05,738,zVCs9Cug_qM
336,337,2022-05-05,141,rn1sxpQiwiM
337,338,2022-05-05,1000,oZOVFc0bLpA
338,339,2022-05-05,651,ffSQl9GE-9w
339,340,2022-05-05,785,4xCRT_jTJg0
340,341,2022-05-05,484,gRKGiLwHTzA
341,342,2022-05-05,468,eyKohdpWE5Y
342,343,2022-05-05,401,bGhtSsYl_Jo
343,344,2022-05-05,414,4OCcbUZuTUQ
344,345,2022-05-05,182,VDz87RfzDps
345,346,2022-05-05,429,dO6YihaqtaQ
346,347,2022-05-05,350,z_LdKL0drkA
347,348,2022-05-05,707,3N7OVLyRK6g
348,349,2022-05-05,473,9zkZnGyIgzI
349,350,2022-05-05,54,5hO49HF9f9A
350,351,2022-05-05,746,sSjtGqRXQ9Y
351,352,2022-05-05,232,u_CekGA9CA0
352,353,2022-05-05,837,lcnWx5tiwhM
353,354,2022-05-05,885,c-ogahIlhWk
354,355,2022-05-05,32,UcXVnupm0zk
355,356,2022-05-05,722,b7RTxqNC2Ac
356,357,2022-05-05,677,6BEfZCH1nN8
357,358,2022-05-05,609,y4SQtg0G-2Y
358,359,2022-05-05,532,zsXhHhSPrnc
359,360,2022-05-05,714,waImBy8OMrs
360,361,2022-05-05,782,WjM0t2r88vc
361,362,2022-05-05,821,fITRL6oXWao
362,363,2022-05-05,476,WS18WGCUSng
363,364,2022-05-05,710,vwnyP6979xE
364,365,2022-05-05,337,goOmZUwQYlA
365,366,2022-05-05,872,NvgYhf2LnVI
366,367,2022-05-05,789,drEzDIiESZg
367,368,2022-05-05,14,W9Aen8hG20Y
368,369,2022-05-05,551,Yyf-BF19xgg
369,370,2022-05-05,808,NLOp_6uPccQ
370,371,2022-05-05,687,vRN1kMcrans
371,372,2022-05-05,818,l6yzZdHruUI
372,373,2022-05-05,606,X57qD_LTRgY
373,374,2022-05-05,945,_yKoFS4mgHI
374,375,2022-05-05,345,zHPVGSwLhcg
375,376,2022-05-05,787,4xCRT_jTJg0
376,377,2022-05-05,159,a-27udNAzaY
377,378,2022-05-05,385,Ut4atfudXr8
378,379,2022-05-05,658,WABPVf_0y-E
379,380,2022-05-05,865,BLXyRlsjQBU
380,381,2022-05-05,627,0La8uz7WJiU
381,382,2022-05-05,350,uK6aIEqpSa4
382,383,2022-05-05,742,yuaWSj58bQ8
383,384,2022-05-05,473,2xPKE0koJtc
384,385,2022-05-05,775,5N8YRren5Z4
385,386,2022-05-05,730,NkE0AMGzpJY
386,387,2022-05-05,993,MlG8nBGs3z8
387,388,2022-05-05,527,hSeBV1yFsSE
388,389,2022-05-05,818,khhxZRo527Q
389,390,2022-05-05,234,2niuD73hIpM
390,391,2022-05-05,945,vwOK_k-f8MA
391,392,2022-05-05,314,4rjNpA94ly4
392,393,2022-05-05,763,YuCqyvBlcK8
393,394,2022-05-05,589,B0BWxxwA__s
394,395,2022-05-05,686,uhZE84C5g0M
395,396,2022-05-05,757,kSK-wfF8QeM
396,397,2022-05-05,802,rviFWKEy6kE
397,398,2022-05-05,111,0O7nC60mHas
398,399,2022-05-05,691,N2YxXgco_68
399,400,2022-05-05,239,P416UUerDVs
400,401,2022-05-05,106,n4fXmZTVdZg
401,402,2022-05-05,139,YwJyis4yOEA
402,403,2022-05-05,820,Min1K8pu22U
403,404,2022-05-05,759,fzSNu5-47oE
404,405,2022-05-05,946,3olsPmfbkVU
405,406,2022-05-05,838,1PDKlfbi4tY
406,407,2022-05-05,298,l_uC-_24jR8
407,408,2022-05-05,564,hT3pPAdnlfA
408,409,2022-05-05,960,DDJVz6tsRcw
409,410,2022-05-05,680,4UiaCC01Vwk
410,411,2022-05-05,733,vZA5heWazIQ
411,412,2022-05-05,989,waImBy8OMrs
412,413,2022-05-05,460,EukpxRuDUzA
413,414,2022-05-05,814,nPO2XNDFWN0
414,415,2022-05-05,154,8QsH_xPQFqM
415,416,2022-05-05,337,Svvesc9dW2E
416,417,2022-05-05,190,SaOCldiwD3E
417,418,2022-05-05,15,i9zLv77COc8
418,419,2022-05-05,804,Yvlmj0rtnpc
419,420,2022-05-05,825,8eNcqqvVyxI
420,421,2022-05-05,302,baJL6bXVJfE
421,422,2022-05-05,813,O5DaEUolvRs
422,423,2022-05-05,634,gPdUslndvVI
423,424,2022-05-05,965,pWoerADzny4
424,425,2022-05-05,607,E6P-dZWmFfo
425,426,2022-05-05,86,XW2E2Fnh52w
426,427,2022-05-05,976,ZU0TbWuIBIQ
427,428,2022-05-05,880,6i01tOMgBDU
428,429,2022-05-05,878,HM_fkwDB-Xg
429,430,2022-05-05,224,RftAgxejgg4
430,431,2022-05-05,521,F725ZHDAfQo
431,432,2022-05-05,76,K3TsJqwt3_w
432,433,2022-05-05,955,yZov5v1mDKw
433,434,2022-05-05,120,pJJR4yaM8y0
434,435,2022-05-05,253,uJz3d7zusqk
435,436,2022-05-05,183,37XLHvZgU4Q
436,437,2022-05-05,528,_jj_-ElKrdM
437,438,2022-05-05,4,OrSzDyv6U_8
438,439,2022-05-05,8,IS0zfiH4faM
439,440,2022-05-05,351,Dn4WxSPmTeU
440,441,2022-05-05,772,1rjqHF4wclg
441,442,2022-05-05,704,b7RTxqNC2Ac
442,443,2022-05-05,95,NvgYhf2LnVI
443,444,2022-05-05,78,0opZqh_TprM
444,445,2022-05-05,629,tuhxZytmhss
445,446,2022-05-05,193,NndghRxT6E8
446,447,2022-05-05,575,-5Rr3tf9Q6I
447,448,2022-05-05,183,fITRL6oXWao
448,449,2022-05-05,352,sa5rGfFWhN8
449,450,2022-05-05,364,utEEXr5eURs
450,451,2022-05-05,569,Wc9_dsv5YYA
451,452,2022-05-05,261,jSklAwAnsxg
452,453,2022-05-05,862,RQqJeIyyQBs
453,454,2022-05-05,735,ozWNPkhqi8o
454,455,2022-05-05,519,IhVf_3TeTQE
455,456,2022-05-05,275,NkE0AMGzpJY
456,457,2022-05-05,276,oOAyQUBithQ
457,458,2022-05-05,274,8g6PNH3YGGE
458,459,2022-05-05,694,8g6PNH3YGGE
459,460,2022-05-05,592,8q5gHTCFlbg
460,461,2022-05-05,561,0w4Nts7YpHo
461,462,2022-05-05,15,FoSe_KAQEr8
462,463,2022-05-05,906,waImBy8OMrs
463,464,2022-05-05,105,IuMAHR0OtH4
464,465,2022-05-05,815,hBwgvoCFqZk
465,466,2022-05-05,955,WY1ptfuqWa8
466,467,2022-05-05,264,Ea04DriyYb4
467,468,2022-05-05,498,5NNO5Kb-PZo
468,469,2022-05-05,637,RHPRUe-aZHA
469,470,2022-05-05,123,7d-t0cJ_HQ0
470,471,2022-05-05,277,37XLHvZgU4Q
471,472,2022-05-05,199,WbPLjRwh-JM
472,473,2022-05-05,925,uJz3d7zusqk
473,474,2022-05-05,531,dktW5r4ldyo
474,475,2022-05-05,76,FQ3Z94zeuYo
475,476,2022-05-05,880,xX9PYIIgoEA
476,477,2022-05-05,639,s6w2_2uL2Es
477,478,2022-05-05,450,3qxGj18nAR4
478,479,2022-05-05,818,EIzazUv2gtI
479,480,2022-05-05,772,EukpxRuDUzA
480,481,2022-05-05,828,CezxKs9YLv0
481,482,2022-05-05,996,hid7EJkwDNk
482,483,2022-05-05,192,vRFS0MYTC1I
483,484,2022-05-05,718,ympxn9Meq9E
484,485,2022-05-05,706,fw4R3BLMc3U
485,486,2022-05-05,337,muEW5EwHl08
486,487,2022-05-05,249,qO9CUxFUCqE
487,488,2022-05-05,741,b5CpZvzjBpQ
488,489,2022-05-05,43,aAgJernobg8
489,490,2022-05-05,683,354dMGagQXI
490,491,2022-05-05,161,5xd9lQ0G78Q
491,492,2022-05-05,599,9Wo9U7Cp8Fs
492,493,2022-05-05,529,CO72JNivnB4
493,494,2022-05-05,808,q2AyUQkTakU
494,495,2022-05-05,790,b5CpZvzjBpQ
495,496,2022-05-05,603,WABPVf_0y-E
496,497,2022-05-05,105,aBsvtyygr0g
497,498,2022-05-05,53,OYIMiOEItpM
498,499,2022-05-05,973,CsRKOZAu1lc
499,500,2022-05-05,998,kOf-mr8GNIc
500,501,2022-05-05,897,hEU_MnFTJ_c
501,502,2022-05-05,176,3vPJ-12LxrM
502,503,2022-05-05,823,LsNg-KrFxCA
503,504,2022-05-05,890,zJCdkOpU90g
504,505,2022-05-05,906,vysBEblWBoQ
505,506,2022-05-05,751,6i01tOMgBDU
506,507,2022-05-05,884,w-aidBdvZo8
507,508,2022-05-05,118,1niAIYz6JZg
508,509,2022-05-05,509,BRhthZu0L94
509,510,2022-05-05,713,Ww-8nQNfNT8
510,511,2022-05-05,516,Cco7ONFKx28
511,512,2022-05-05,782,7pgY_TpojtU
512,513,2022-05-05,341,qq7MSjXHRTU
513,514,2022-05-05,824,-b77ys1WLtU
514,515,2022-05-05,599,-b77ys1WLtU
515,516,2022-05-05,962,3LqQB4HV8qg
516,517,2022-05-05,310,xTpr7piQu2M
517,518,2022-05-05,986,gdZLi9oWNZg
518,519,2022-05-05,522,GXyvyG36hQM
519,520,2022-05-05,607,Min1K8pu22U
520,521,2022-05-05,883,KOIgb6lQ1JY
521,522,2022-05-05,423,THQH9QJKrIE
522,523,2022-05-05,639,zJCdkOpU90g
523,524,2022-05-05,263,PT6hPvOqTYc
524,525,2022-05-05,863,5A0hhsYVO1Q
525,526,2022-05-05,306,qfAx5Rz3wF8
526,527,2022-05-05,947,KHeVTRrg4h8
527,528,2022-05-05,384,i358Rws1SV0
528,529,2022-05-05,8,YNyFAro1E5M
529,530,2022-05-05,808,RS7O1Rar1E8
530,531,2022-05-05,394,u0LaoQks5mY
531,532,2022-05-05,750,qiC1HPtvxC0
532,533,2022-05-05,197,ZkK3GEDEZ3c
533,534,2022-05-05,309,4VSx2E7WE50
534,535,2022-05-05,64,-N0x_Tt7WVc
535,536,2022-05-05,217,hid7EJkwDNk
536,537,2022-05-05,609,5N8YRren5Z4
537,538,2022-05-05,955,sMpLav04Ha0
538,539,2022-05-05,700,53sqVjcdM4Q
539,540,2022-05-05,333,4xCRT_jTJg0
540,541,2022-05-05,432,jqPofJ3tKKM
541,542,2022-05-05,194,uR6iN7Ty_mc
542,543,2022-05-05,841,7vR2lPExR00
543,544,2022-05-05,112,j0QDsgl_eT4
544,545,2022-05-05,236,RftAgxejgg4
545,546,2022-05-05,50,wnicT9sZo7o
546,547,2022-05-05,569,PXd3Jw4DoNQ
547,548,2022-05-05,652,3LopI4YeC4I
548,549,2022-05-05,480,Itr3jnGNNEo
549,550,2022-05-05,696,IhVf_3TeTQE
550,551,2022-05-05,244,z2DAfhsg0I8
551,552,2022-05-05,79,7Q9LYzEUECc
552,553,2022-05-05,33,ZOcI_9pAR_A
553,554,2022-05-05,70,XDCXT7C7lnk
554,555,2022-05-05,427,ydipwkP8r_Y
555,556,2022-05-05,954,tVjsZzym91A
556,557,2022-05-05,343,_yKoFS4mgHI
557,558,2022-05-05,261,YFn3NtG4bJ8
558,559,2022-05-05,444,l6yzZdHruUI
559,560,2022-05-05,455,vrYcnMWWOeI
560,561,2022-05-05,885,oy_WmK07Ez0
561,562,2022-05-05,773,PHYtv0v2DeA
562,563,2022-05-05,529,Fo0Ky9tiUUg
563,564,2022-05-05,995,KoQWzYC3zbk
564,565,2022-05-05,74,OpQlY2so3Mk
565,566,2022-05-05,189,ZooxleIOufM
566,567,2022-05-05,840,6gsCtpXOiBs
567,568,2022-05-05,338,K68kWiibHlU
568,569,2022-05-05,1,JJ9qodnOS2M
569,570,2022-05-05,138,GriVUALC6Wg
570,571,2022-05-05,544,MylGm1adUzo
571,572,2022-05-05,634,_rJYc_k-w84
572,573,2022-05-05,464,7wpxSKrd77Y
573,574,2022-05-05,524,rYErvhVhlzU
574,575,2022-05-05,523,GTwCNXEELOM
575,576,2022-05-05,622,0O7nC60mHas
576,577,2022-05-05,148,quFlP3cRCFs
577,578,2022-05-05,825,XvWO9WDorx4
578,579,2022-05-05,155,QDv9Fy5XAxY
579,580,2022-05-05,860,Gj_SlGSZFgA
580,581,2022-05-05,849,Aur7UgTGlL0
581,582,2022-05-05,541,H_akzwzghWQ
582,583,2022-05-05,930,LQLlMi6Wns8
583,584,2022-05-05,47,Sik_gQ-tHHc
584,585,2022-05-05,669,oLFCZwmmi3U
585,586,2022-05-05,425,bUAxPG3GYi8
586,587,2022-05-05,901,09JlQLSOWbI
587,588,2022-05-05,976,r91dDtjHWCk
588,589,2022-05-05,874,Jmic5lwEQgk
589,590,2022-05-05,131,8gXQsAea26I
590,591,2022-05-05,224,vwOK_k-f8MA
591,592,2022-05-05,949,OcXbdD_KyDo
592,593,2022-05-05,208,-risbrFHbBU
593,594,2022-05-05,202,o34Nttu72BU
594,595,2022-05-05,678,nt3VVyv5pxQ
595,596,2022-05-05,769,-rn_R1aheK8
596,597,2022-05-05,136,UUGj3gCf3sg
597,598,2022-05-05,848,zyrJ0j7x9-4
598,599,2022-05-05,765,h4UxsvPiO0I
599,600,2022-05-05,645,dX480fsk510
600,601,2022-05-05,750,3-2dn0VupZM
601,602,2022-05-05,441,RuhvdaDabpU
602,603,2022-05-05,385,B0BWxxwA__s
603,604,2022-05-05,313,pPajUA64b0o
604,605,2022-05-05,609,p7hizWT2Og4
605,606,2022-05-05,191,Th7Ega6WwJQ
606,607,2022-05-05,136,w-aidBdvZo8
607,608,2022-05-05,974,XD6zGTNTy0Q
608,609,2022-05-05,979,GGEBtW2mWOk
609,610,2022-05-05,10,QKx-eMAVK70
610,611,2022-05-05,592,j3zapgI1dx8
611,612,2022-05-05,429,rs2Rcu0s_2k
612,613,2022-05-05,905,b1reY72ktEc
613,614,2022-05-05,577,nyzhtvtJWDQ
614,615,2022-05-05,430,3N7OVLyRK6g
615,616,2022-05-05,367,rhAhi9PKKwY
616,617,2022-05-05,452,1rjqHF4wclg
617,618,2022-05-05,541,qfAx5Rz3wF8
618,619,2022-05-05,762,AnDhlrs3XVM
619,620,2022-05-05,12,p0uR48cg_D4
620,621,2022-05-05,648,aOijmBFnXYs
621,622,2022-05-05,968,i358Rws1SV0
622,623,2022-05-05,157,z0K6r1hoD7I
623,624,2022-05-05,635,24u3NoPvgMw
624,625,2022-05-05,664,GTp-0S82guE
625,626,2022-05-05,920,YHX4lUSGUBI
626,627,2022-05-05,321,vJGkkncp3wI
627,628,2022-05-05,858,iWalQYaJ9fk
628,629,2022-05-05,897,jWQNqlZ47Ec
629,630,2022-05-05,6,0wurtsQ31TE
630,631,2022-05-05,815,wnicT9sZo7o
631,632,2022-05-05,802,GVpEfA1-p9s
632,633,2022-05-05,420,HFOK-RHimkw
633,634,2022-05-05,875,GldH1rNEhok
634,635,2022-05-05,765,uK6aIEqpSa4
635,636,2022-05-05,934,WCo2rcc97AQ
636,637,2022-05-05,901,arIdokXZtiI
637,638,2022-05-05,167,hz8wr3MyWdU
638,639,2022-05-05,324,1XZ_GaFoQOY
639,640,2022-05-05,934,tjXM6u36O98
640,641,2022-05-05,31,3WluJtsQEPs
641,642,2022-05-05,191,IFYqqgWNT-Q
642,643,2022-05-05,891,HDduzIB8HjU
643,644,2022-05-05,960,xsQgXY-rmCM
644,645,2022-05-05,276,Tujt4APHPzo
645,646,2022-05-05,117,N2YxXgco_68
646,647,2022-05-05,618,9AecsACtkB4
647,648,2022-05-05,159,u-WoEXGV9l8
648,649,2022-05-05,239,xX9PYIIgoEA
649,650,2022-05-05,499,Cj6AUuRs1A4
650,651,2022-05-05,412,c8Jyk00_cBk
651,652,2022-05-05,495,BXe19AboYL4
652,653,2022-05-05,549,kz7gHA2N6nQ
653,654,2022-05-05,598,CXEDkqVCRvI
654,655,2022-05-05,115,KilybZma5vY
655,656,2022-05-05,491,g2rpmYtnLKw
656,657,2022-05-05,614,vml4hskxqtE
657,658,2022-05-05,79,fzSNu5-47oE
658,659,2022-05-05,420,tQ4pZQltoW0
659,660,2022-05-05,678,uROtbSbkaq8
660,661,2022-05-05,96,IuMAHR0OtH4
661,662,2022-05-05,191,4gr_lUXydH4
662,663,2022-05-05,507,1XZ_GaFoQOY
663,664,2022-05-05,467,YIlhmtpDjmo
664,665,2022-05-05,636,FFt_dffYAtA
665,666,2022-05-05,261,M9Pmf9AB4Mo
666,667,2022-05-05,225,jbwLmmlixJs
667,668,2022-05-05,38,8g6PNH3YGGE
668,669,2022-05-05,666,JijFLcbIqMs
669,670,2022-05-05,935,vzXYz61U3Gk
670,671,2022-05-05,946,wd4e9qX-ZZs
671,672,2022-05-05,215,opNYKWnfXlg
672,673,2022-05-05,70,qlDW7UPkon4
673,674,2022-05-05,286,gPdUslndvVI
674,675,2022-05-05,320,JNJN5HMkRao
675,676,2022-05-05,324,2m4KvR8hZwk
676,677,2022-05-05,287,L83xHjt4goc
677,678,2022-05-05,629,J_n01uvyhI8
678,679,2022-05-05,222,syvicyCN_lw
679,680,2022-05-05,887,qQ8domUSU7M
680,681,2022-05-05,395,L83xHjt4goc
681,682,2022-05-05,407,OwZ_hodT5CA
682,683,2022-05-05,600,OSX3ik9Z4X8
683,684,2022-05-05,715,6gsCtpXOiBs
684,685,2022-05-05,318,dSttaw9_vws
685,686,2022-05-05,350,9wjvPD4-RyE
686,687,2022-05-05,115,RNprQYHenNI
687,688,2022-05-05,783,UPW-k692nCM
688,689,2022-05-05,395,H7CpOdB2-rg
689,690,2022-05-05,402,nzfiW80ulCs
690,691,2022-05-05,448,UUGj3gCf3sg
691,692,2022-05-05,781,seHKtHmCo3w
692,693,2022-05-05,497,zPcWv8xqgEA
693,694,2022-05-05,354,qzdGo7FBndA
694,695,2022-05-05,877,goOmZUwQYlA
695,696,2022-05-05,518,ympxn9Meq9E
696,697,2022-05-05,430,ALaTm6VzTBw
697,698,2022-05-05,765,cAtazIk1IYw
698,699,2022-05-05,928,YwJyis4yOEA
699,700,2022-05-05,165,7d-t0cJ_HQ0
700,701,2022-05-05,790,tVjsZzym91A
701,702,2022-05-05,160,JJk1ji23Ey8
702,703,2022-05-05,998,fw4R3BLMc3U
703,704,2022-05-05,483,aj3SlTgDrdY
704,705,2022-05-05,808,FbM1yi4mMMc
705,706,2022-05-05,559,QjB3I4zaKRk
706,707,2022-05-05,999,aOijmBFnXYs
707,708,2022-05-05,448,JJ9qodnOS2M
708,709,2022-05-05,754,z5l8ovbw_6M
709,710,2022-05-05,172,1YlsqNMzaL8
710,711,2022-05-05,418,DrlnrRQK84A
711,712,2022-05-05,894,GriVUALC6Wg
712,713,2022-05-05,170,LZj4thUjeaM
713,714,2022-05-05,988,Us2t0Zyudxc
714,715,2022-05-05,419,Hg-e7nDVsRY
715,716,2022-05-05,870,za7MnngOQ84
716,717,2022-05-05,249,MqePxS6iyvA
717,718,2022-05-05,295,Xmd7yQvEqPg
718,719,2022-05-05,756,Yyf-BF19xgg
719,720,2022-05-05,65,BNgT_WWmS44
720,721,2022-05-05,510,Svvesc9dW2E
721,722,2022-05-05,490,dYZlrfarCIs
722,723,2022-05-05,967,1XZ_GaFoQOY
723,724,2022-05-05,177,mkF7Ep6gygQ
724,725,2022-05-05,444,DiQ2AieIo0Q
725,726,2022-05-05,676,49Z6Mv4_WCA
726,727,2022-05-05,54,2avPJ9TZNmU
727,728,2022-05-05,94,AV3P55Xu_Ow
728,729,2022-05-05,747,CqRKOY4Cgvw
729,730,2022-05-05,139,OrlLE0W1YVk
730,731,2022-05-05,626,ACKYhlBi98Q
731,732,2022-05-05,259,c8Jyk00_cBk
732,733,2022-05-05,556,DVvmgjBL74w
733,734,2022-05-05,914,I6hswz4rIrU
734,735,2022-05-05,427,WU6EHi410UQ
735,736,2022-05-05,366,z0K6r1hoD7I
736,737,2022-05-05,222,utEEXr5eURs
737,738,2022-05-05,149,aoki_izFGOg
738,739,2022-05-05,38,bL4F4hxqXu0
739,740,2022-05-05,15,ytN366VCGls
740,741,2022-05-05,197,nzfiW80ulCs
741,742,2022-05-05,998,XlOLx3fyf10
742,743,2022-05-05,988,0O7nC60mHas
743,744,2022-05-05,524,K3TsJqwt3_w
744,745,2022-05-05,845,_A4tedL3uCw
745,746,2022-05-05,228,qO9CUxFUCqE
746,747,2022-05-05,871,354dMGagQXI
747,748,2022-05-05,344,sDBODXMrcj8
748,749,2022-05-05,104,ZkK3GEDEZ3c
749,750,2022-05-05,779,8QsH_xPQFqM
750,751,2022-05-05,961,d5LuJDEjT2U
751,752,2022-05-05,334,2ZmxTqnbTCE
752,753,2022-05-05,603,A4swl1VObu8
753,754,2022-05-05,492,F0cAUTIiLAA
754,755,2022-05-05,707,sfVL20cv470
755,756,2022-05-05,724,z9i14AlzWL0
756,757,2022-05-05,198,JxAlZOn4QhM
757,758,2022-05-05,686,Svvesc9dW2E
758,759,2022-05-05,872,SVdTANAb0LY
759,760,2022-05-05,447,SWc-_NYzi6o
760,761,2022-05-05,148,7d-t0cJ_HQ0
761,762,2022-05-05,553,aP-6YKPn09Q
762,763,2022-05-05,220,GriVUALC6Wg
763,764,2022-05-05,66,8yqpfLLG_vQ
764,765,2022-05-05,312,dTAmQUgOt0M
765,766,2022-05-05,961,GIxOBYmqEi8
766,767,2022-05-05,984,Pq1yPc-2buA
767,768,2022-05-05,917,aUbiImdfdwE
768,769,2022-05-05,396,FctRkKGTaxc
769,770,2022-05-05,556,AnvxnAGpjEM
770,771,2022-05-05,413,u0LaoQks5mY
771,772,2022-05-05,270,DxoXPG4aDzo
772,773,2022-05-05,176,gpY9qUbPXbM
773,774,2022-05-05,783,uU8Kqe-RoVE
774,775,2022-05-05,563,RkID8_gnTxw
775,776,2022-05-05,838,mkF7Ep6gygQ
776,777,2022-05-05,456,ar6UiTbuoSU
777,778,2022-05-05,139,SCUXdRb5abU
778,779,2022-05-05,621,aoobb42DHvk
779,780,2022-05-05,338,KnE6u4hFx14
780,781,2022-05-05,533,DVvmgjBL74w
781,782,2022-05-05,97,z0K6r1hoD7I
782,783,2022-05-05,717,1tOpqS8JNgY
783,784,2022-05-05,247,_BMsaSn5B58
784,785,2022-05-05,795,3ZJPvKbUgOA
785,786,2022-05-05,915,nBT14Vo--DE
786,787,2022-05-05,301,bGhtSsYl_Jo
787,788,2022-05-05,522,nX0NDmm1K1g
788,789,2022-05-05,77,P416UUerDVs
789,790,2022-05-05,337,dktW5r4ldyo
790,791,2022-05-05,514,yYtg0VZcrLs
791,792,2022-05-05,404,p7hizWT2Og4
792,793,2022-05-05,136,vOpySfXMe6w
793,794,2022-05-05,765,RsmttAEp9f4
794,795,2022-05-05,868,T3qrj4B08sc
795,796,2022-05-05,740,hQq7ZSgvhtU
796,797,2022-05-05,281,LszRW4tW4Uc
797,798,2022-05-05,807,4gr_lUXydH4
798,799,2022-05-05,764,0a5YhsnITFE
799,800,2022-05-05,222,_jj_-ElKrdM
800,801,2022-05-05,552,4YxOo_o006k
801,802,2022-05-05,625,eu9A-OxlSjs
802,803,2022-05-05,266,DolI_GRcc3M
803,804,2022-05-05,950,kHMXNPkNTTQ
804,805,2022-05-05,161,q2AyUQkTakU
805,806,2022-05-05,36,2qnLZ1azPTo
806,807,2022-05-05,154,-bCiD4QGSvQ
807,808,2022-05-05,675,5JC2trEXxhE
808,809,2022-05-05,549,gPdUslndvVI
809,810,2022-05-05,974,MS82JAkBkDY
810,811,2022-05-05,348,TTK_h-RTP-w
811,812,2022-05-05,965,k4m394M7ZGY
812,813,2022-05-05,178,_A4tedL3uCw
813,814,2022-05-05,81,hEU_MnFTJ_c
814,815,2022-05-05,506,0VJ37Gsmq4Y
815,816,2022-05-05,557,691bMNTrKAk
816,817,2022-05-05,677,4VSx2E7WE50
817,818,2022-05-05,608,LsNg-KrFxCA
818,819,2022-05-05,767,sa5rGfFWhN8
819,820,2022-05-05,873,MYvFYES1wew
820,821,2022-05-05,704,ar6UiTbuoSU
821,822,2022-05-05,952,B0BWxxwA__s
822,823,2022-05-05,112,KNyuYlj_1yw
823,824,2022-05-05,183,Oe9naV81gdY
824,825,2022-05-05,306,LfUKa2d7rV0
825,826,2022-05-05,206,8LqIYvy5jhs
826,827,2022-05-05,143,0opZqh_TprM
827,828,2022-05-05,18,BNgT_WWmS44
828,829,2022-05-05,608,KUDbj0oeAj0
829,830,2022-05-05,579,UUOGVgComrU
830,831,2022-05-05,434,jUsUzbmSLow
831,832,2022-05-05,11,BpXkl4VdFhA
832,833,2022-05-05,915,tOQgGQKi-n4
833,834,2022-05-05,726,So1wxlBfFJk
834,835,2022-05-05,994,bJbAZh3fv0g
835,836,2022-05-05,138,khhxZRo527Q
836,837,2022-05-05,109,vRXZj0DzXIA
837,838,2022-05-05,372,VHPT8pL_RLA
838,839,2022-05-05,270,ymyY7jez0rM
839,840,2022-05-05,935,MYvFYES1wew
840,841,2022-05-05,478,IY2qgeqLOvo
841,842,2022-05-05,947,zJCdkOpU90g
842,843,2022-05-05,710,700rLysz88s
843,844,2022-05-05,379,4VSx2E7WE50
844,845,2022-05-05,60,z5l8ovbw_6M
845,846,2022-05-05,337,IxFMyYuPPyw
846,847,2022-05-05,951,BpXkl4VdFhA
847,848,2022-05-05,127,GYeKX_LPY9U
848,849,2022-05-05,13,b8pSdMHicYw
849,850,2022-05-05,943,YIlhmtpDjmo
850,851,2022-05-05,996,y34p0I3ULX4
851,852,2022-05-05,73,bdKm5hR2mBg
852,853,2022-05-05,289,GldH1rNEhok
853,854,2022-05-05,56,RHPRUe-aZHA
854,855,2022-05-05,214,SaOCldiwD3E
855,856,2022-05-05,867,-rn_R1aheK8
856,857,2022-05-05,681,k_WvAH3AE1w
857,858,2022-05-05,431,vGEOh8oaI2w
858,859,2022-05-05,723,GEAy7eXb2lo
859,860,2022-05-05,442,KX06ksuS6Xo
860,861,2022-05-05,338,Ut4atfudXr8
861,862,2022-05-05,932,avgBgc210bg
862,863,2022-05-05,113,Jir-WItz1OI
863,864,2022-05-05,487,ypvIJ77dEgg
864,865,2022-05-05,427,khhxZRo527Q
865,866,2022-05-05,902,VImYeXnr13Q
866,867,2022-05-05,243,PHYtv0v2DeA
867,868,2022-05-05,563,eyKohdpWE5Y
868,869,2022-05-05,73,n50qwytMPlQ
869,870,2022-05-05,367,z_LdKL0drkA
870,871,2022-05-05,679,fYVouIyOXC0
871,872,2022-05-05,206,7vR2lPExR00
872,873,2022-05-05,279,MYvFYES1wew
873,874,2022-05-05,27,gi3VMMiFHVg
874,875,2022-05-05,981,aMJXYgTOyhE
875,876,2022-05-05,832,Ybc_WQJROqI
876,877,2022-05-05,901,bY2alEWXEv4
877,878,2022-05-05,368,0VJ37Gsmq4Y
878,879,2022-05-05,552,HM_fkwDB-Xg
879,880,2022-05-05,6,rhAhi9PKKwY
880,881,2022-05-05,904,j3zapgI1dx8
881,882,2022-05-05,953,e1tOrEewEwk
882,883,2022-05-05,301,C9I-W1eTCbk
883,884,2022-05-05,689,49Z6Mv4_WCA
884,885,2022-05-05,889,CezxKs9YLv0
885,886,2022-05-05,11,MS82JAkBkDY
886,887,2022-05-05,862,JIqNeCbxICU
887,888,2022-05-05,291,MORpybHP4po
888,889,2022-05-05,58,E9-vpNHz_W0
889,890,2022-05-05,874,7erD56xKJaM
890,891,2022-05-05,767,WbPLjRwh-JM
891,892,2022-05-05,518,7d-t0cJ_HQ0
892,893,2022-05-05,326,avgBgc210bg
893,894,2022-05-05,806,4sZ2_aGsLKU
894,895,2022-05-05,969,LT3EWCbh4Oo
895,896,2022-05-05,16,5K5bzrNCLvI
896,897,2022-05-05,493,MS82JAkBkDY
897,898,2022-05-05,988,9psC8ae18lw
898,899,2022-05-05,210,QZ2F3ZP1sxg
899,900,2022-05-05,579,3xeAK9A8SOI
900,901,2022-05-05,946,a3sT4bmTrRU
901,902,2022-05-05,883,8-LN9xU9lLQ
902,903,2022-05-05,349,z0K6r1hoD7I
903,904,2022-05-05,458,I_tP-vcTjq4
904,905,2022-05-05,299,QDv9Fy5XAxY
905,906,2022-05-05,870,n7CuyHF_0rY
906,907,2022-05-05,756,0SIIRGgWVb8
907,908,2022-05-05,878,9NS6J-zYAQw
908,909,2022-05-05,981,6TIsR_7nrNc
909,910,2022-05-05,485,yZov5v1mDKw
910,911,2022-05-05,482,GZbd619yvyo
911,912,2022-05-05,468,ysdw7cmigZM
912,913,2022-05-05,808,XUmjYkODF3Y
913,914,2022-05-05,427,SsWHMAhshPQ
914,915,2022-05-05,706,IhVf_3TeTQE
915,916,2022-05-05,253,AxZl2cFvjRs
916,917,2022-05-05,552,xX9PYIIgoEA
917,918,2022-05-05,360,GldH1rNEhok
918,919,2022-05-05,36,SGQPEavFew0
919,920,2022-05-05,121,yVdH3QacEXc
920,921,2022-05-05,126,WJFPVxlPYl8
921,922,2022-05-05,363,vJGkkncp3wI
922,923,2022-05-05,856,_A4tedL3uCw
923,924,2022-05-05,857,OrSzDyv6U_8
924,925,2022-05-05,706,qQ8domUSU7M
925,926,2022-05-05,356,yrYu4kaLPTU
926,927,2022-05-05,369,ol4BJbIZHW4
927,928,2022-05-05,432,bdKm5hR2mBg
928,929,2022-05-05,463,aS1no1myeTM
929,930,2022-05-05,666,seHKtHmCo3w
930,931,2022-05-05,540,wheQWur9ZVM
931,932,2022-05-05,338,K68kWiibHlU
932,933,2022-05-05,710,DxoXPG4aDzo
933,934,2022-05-05,966,eyKohdpWE5Y
934,935,2022-05-05,913,oy_WmK07Ez0
935,936,2022-05-05,559,hz9_jkrrptU
936,937,2022-05-05,553,N2YxXgco_68
937,938,2022-05-05,85,p7hizWT2Og4
938,939,2022-05-05,158,LfUKa2d7rV0
939,940,2022-05-05,338,XDCXT7C7lnk
940,941,2022-05-05,169,6BEfZCH1nN8
941,942,2022-05-05,925,fHKNO3DV78M
942,943,2022-05-05,959,kzST_Q2Xbks
943,944,2022-05-05,486,rmn4F-K2RRI
944,945,2022-05-05,142,EDO8Z3O7lus
945,946,2022-05-05,501,2niuD73hIpM
946,947,2022-05-05,893,xNqVgmijpZI
947,948,2022-05-05,996,8yqpfLLG_vQ
948,949,2022-05-05,904,9KuBzafhx6A
949,950,2022-05-05,787,p58ihM9ptsg
950,951,2022-05-05,512,izVdUXx5zaU
951,952,2022-05-05,801,kONOIeoNtyc
952,953,2022-05-05,756,6Taz7ZzPYeI
953,954,2022-05-05,289,7KTt4_M09Rw
954,955,2022-05-05,373,Cqbleas1mmo
955,956,2022-05-05,883,PEl4ev-fe_s
956,957,2022-05-05,993,CeSaCP9g1y0
957,958,2022-05-05,324,sDBODXMrcj8
958,959,2022-05-05,114,RHPRUe-aZHA
959,960,2022-05-05,205,Dz8w_Hnjmdg
960,961,2022-05-05,705,qlDW7UPkon4
961,962,2022-05-05,719,8fUGbilT5MQ
962,963,2022-05-05,736,vysBEblWBoQ
963,964,2022-05-05,385,pSIaIPHCQak
964,965,2022-05-05,380,LI1hCQ-6P0Y
965,966,2022-05-05,520,pFtk274nHX4
966,967,2022-05-05,646,QKx-eMAVK70
967,968,2022-05-05,504,l6yzZdHruUI
968,969,2022-05-05,579,vePc5V4h_kg
969,970,2022-05-05,339,NgovswOAZKU
970,971,2022-05-05,130,LT3EWCbh4Oo
971,972,2022-05-05,310,JeqNGzsOEaw
972,973,2022-05-05,729,C8FzVistDHY
973,974,2022-05-05,54,nX0NDmm1K1g
974,975,2022-05-05,300,gRKGiLwHTzA
975,976,2022-05-05,650,t02bgEJSFG4
976,977,2022-05-05,385,RJFNrdfvHbY
977,978,2022-05-05,572,xE2f745DICI
978,979,2022-05-05,28,yrYu4kaLPTU
979,980,2022-05-05,574,K3TsJqwt3_w
980,981,2022-05-05,92,3xeAK9A8SOI
981,982,2022-05-05,569,PoEa9bzeTu0
982,983,2022-05-05,91,nmMUU2VvgI8
983,984,2022-05-05,405,uK6aIEqpSa4
984,985,2022-05-05,168,wnicT9sZo7o
985,986,2022-05-05,45,B14KGvONHT0
986,987,2022-05-05,220,YFn3NtG4bJ8
987,988,2022-05-05,769,Wc9_dsv5YYA
988,989,2022-05-05,527,BGqZMIgeyKQ
989,990,2022-05-05,882,pFtk274nHX4
990,991,2022-05-05,761,b703NY5__pA
991,992,2022-05-05,859,sfwHgl0upgU
992,993,2022-05-05,749,x4ee0l_moRo
993,994,2022-05-05,701,5A0hhsYVO1Q
994,995,2022-05-05,583,CXEDkqVCRvI
995,996,2022-05-05,903,QjB3I4zaKRk
996,997,2022-05-05,724,Xv0s-WonrkA
997,998,2022-05-05,142,dX480fsk510
998,999,2022-05-05,504,xNqVgmijpZI
999,1000,2022-05-05,408,sDBODXMrcj8
1000,1001,2022-05-05,423,B3QTAgHlwEg
1001,1002,2022-05-05,790,MYvFYES1wew
1002,1003,2022-05-05,320,SEp7gnM0Ms8
1003,1004,2022-05-05,396,wnicT9sZo7o
1004,1005,2022-05-05,313,izVdUXx5zaU
1005,1006,2022-05-05,431,1YlsqNMzaL8
1006,1007,2022-05-05,784,g2rpmYtnLKw
1007,1008,2022-05-05,942,arIdokXZtiI
1008,1009,2022-05-05,276,rviFWKEy6kE
1009,1010,2022-05-05,502,Ybc_WQJROqI
1010,1011,2022-05-05,871,QcTwbXLMm9c
1011,1012,2022-05-05,990,BFkh9SgyAMs
1012,1013,2022-05-05,129,5DvmM7nPqVA
1013,1014,2022-05-05,211,31JRUvNQnpM
1014,1015,2022-05-05,716,rnr4T-pB-vg
1015,1016,2022-05-05,633,CyKAgXbEX3A
1016,1017,2022-05-05,408,8yqpfLLG_vQ
1017,1018,2022-05-05,794,ffSQl9GE-9w
1018,1019,2022-05-05,673,jgZxKSYfTcs
1019,1020,2022-05-05,68,8s-S7SuQ-8g
1020,1021,2022-05-05,438,jWQNqlZ47Ec
1021,1022,2022-05-05,831,3vPJ-12LxrM
1022,1023,2022-05-05,97,4OCcbUZuTUQ
1023,1024,2022-05-05,658,3-2dn0VupZM
1024,1025,2022-05-05,576,MylGm1adUzo
1025,1026,2022-05-05,932,N7WjAs_ppnc
1026,1027,2022-05-05,385,G1mPnQM5hQ0
1027,1028,2022-05-05,841,utEEXr5eURs
1028,1029,2022-05-05,114,uJz3d7zusqk
1029,1030,2022-05-05,311,iYKXdt0LRs8
1030,1031,2022-05-05,357,MRvHI8tgx8A
1031,1032,2022-05-05,65,xsQgXY-rmCM
1032,1033,2022-05-05,879,ymjtB5BrEoM
1033,1034,2022-05-05,981,AxZl2cFvjRs
1034,1035,2022-05-05,402,Aur7UgTGlL0
1035,1036,2022-05-05,239,E3tCHMagPOY
1036,1037,2022-05-05,909,GldH1rNEhok
1037,1038,2022-05-05,728,b1reY72ktEc
1038,1039,2022-05-05,562,3xeAK9A8SOI
1039,1040,2022-05-05,247,5JC2trEXxhE
1040,1041,2022-05-05,610,pWoerADzny4
1041,1042,2022-05-05,952,CiCT7NCP6BY
1042,1043,2022-05-05,336,8g6PNH3YGGE
1043,1044,2022-05-05,771,fqT81qdPpOw
1044,1045,2022-05-05,942,JFm7YDVlqnI
1045,1046,2022-05-05,59,jmFd8oF_ipc
1046,1047,2022-05-05,5,Jpl5mWJG2Uo
1047,1048,2022-05-05,442,sSjtGqRXQ9Y
1048,1049,2022-05-05,534,4fSGeKU5Mvw
1049,1050,2022-05-05,82,QwzvNAAqH3g
1050,1051,2022-05-05,459,-risbrFHbBU
1051,1052,2022-05-05,519,rnr4T-pB-vg
1052,1053,2022-05-05,19,AtOijk1pNvM
1053,1054,2022-05-05,517,UUOGVgComrU
1054,1055,2022-05-05,885,HQ92dM6MYSY
1055,1056,2022-05-05,147,b703NY5__pA
1056,1057,2022-05-05,729,bHmH2rPZKS0
1057,1058,2022-05-05,431,9g9j2s13I2s
1058,1059,2022-05-05,135,sekgz68Lewo
1059,1060,2022-05-05,134,zsXhHhSPrnc
1060,1061,2022-05-05,335,6i01tOMgBDU
1061,1062,2022-05-05,415,MS82JAkBkDY
1062,1063,2022-05-05,513,TTK_h-RTP-w
1063,1064,2022-05-05,516,_3DHGXgZ-_s
1064,1065,2022-05-05,169,oLANayJXv4I
1065,1066,2022-05-05,271,4OCcbUZuTUQ
1066,1067,2022-05-05,793,-rn_R1aheK8
1067,1068,2022-05-05,115,WjM0t2r88vc
1068,1069,2022-05-05,835,UUGj3gCf3sg
1069,1070,2022-05-05,552,Wc9_dsv5YYA
1070,1071,2022-05-05,661,nkZ93r4HdwQ
1071,1072,2022-05-05,32,ujpicUD7PMU
1072,1073,2022-05-05,474,Jir-WItz1OI
1073,1074,2022-05-05,597,epKhvHMjAvs
1074,1075,2022-05-05,567,4OtIUIjx0s4
1075,1076,2022-05-05,202,aMJXYgTOyhE
1076,1077,2022-05-05,699,eQhWGnKw5Hc
1077,1078,2022-05-05,440,9wDhKJsF5Zk
1078,1079,2022-05-05,212,aj3SlTgDrdY
1079,1080,2022-05-05,888,nzfiW80ulCs
1080,1081,2022-05-05,236,8DT0K9ijyrI
1081,1082,2022-05-05,342,zid3RxWQbVg
1082,1083,2022-05-05,544,avBkdqMUOlI
1083,1084,2022-05-05,703,koHs2-xKdEk
1084,1085,2022-05-05,499,qzdGo7FBndA
1085,1086,2022-05-05,240,F63Sldex_8I
1086,1087,2022-05-05,186,MYvFYES1wew
1087,1088,2022-05-05,641,SD0-owuwDpE
1088,1089,2022-05-05,658,95s_CrR1DVM
1089,1090,2022-05-05,720,Min1K8pu22U
1090,1091,2022-05-05,40,3-144RjSRWI
1091,1092,2022-05-05,96,qzdGo7FBndA
1092,1093,2022-05-05,288,4rjNpA94ly4
1093,1094,2022-05-05,699,N5KpIE2tz8M
1094,1095,2022-05-05,455,UYEyhB0AGlw
1095,1096,2022-05-05,336,JJk1ji23Ey8
1096,1097,2022-05-05,267,u-WoEXGV9l8
1097,1098,2022-05-05,60,tQ4pZQltoW0
1098,1099,2022-05-05,289,f7rq3DeFZew
1099,1100,2022-05-05,244,hz9_jkrrptU
1100,1101,2022-05-05,852,5xd9lQ0G78Q
1101,1102,2022-05-05,26,waImBy8OMrs
1102,1103,2022-05-05,890,2xPKE0koJtc
1103,1104,2022-05-05,307,aTS9n_m7TW0
1104,1105,2022-05-05,672,ffygKCta8KQ
1105,1106,2022-05-05,987,_A4tedL3uCw
1106,1107,2022-05-05,115,RHPRUe-aZHA
1107,1108,2022-05-05,307,qEZp8qLp6PY
1108,1109,2022-05-05,243,ZOcI_9pAR_A
1109,1110,2022-05-05,418,kyq1Qu5vA_I
1110,1111,2022-05-05,412,Xmd7yQvEqPg
1111,1112,2022-05-05,339,sxWQny6UuXM
1112,1113,2022-05-05,562,iWalQYaJ9fk
1113,1114,2022-05-05,507,1NMz1jsoNoU
1114,1115,2022-05-05,920,bY2alEWXEv4
1115,1116,2022-05-05,615,yeyVlma6910
1116,1117,2022-05-05,288,XB6k7PC-CWM
1117,1118,2022-05-05,817,jgZxKSYfTcs
1118,1119,2022-05-05,582,s6w2_2uL2Es
1119,1120,2022-05-05,970,5JC2trEXxhE
1120,1121,2022-05-05,387,wdrmK0DtztU
1121,1122,2022-05-05,955,opNYKWnfXlg
1122,1123,2022-05-05,566,C9I-W1eTCbk
1123,1124,2022-05-05,475,AxZl2cFvjRs
1124,1125,2022-05-05,326,IcqFcBmkSoQ
1125,1126,2022-05-05,1,EH1d49ETtE4
1126,1127,2022-05-05,506,xsQgXY-rmCM
1127,1128,2022-05-05,756,0O7nC60mHas
1128,1129,2022-05-05,186,ymjtB5BrEoM
1129,1130,2022-05-05,787,oZOVFc0bLpA
1130,1131,2022-05-05,5,Idp1xvmLPHo
1131,1132,2022-05-05,864,uf-36RC6JHE
1132,1133,2022-05-05,518,5N8YRren5Z4
1133,1134,2022-05-05,468,jn5M48MVWyg
1134,1135,2022-05-05,814,nt3VVyv5pxQ
1135,1136,2022-05-05,335,zVCs9Cug_qM
1136,1137,2022-05-05,720,zU6YfDu2EIs
1137,1138,2022-05-05,307,6BEfZCH1nN8
1138,1139,2022-05-05,623,lkBI8fNStMM
1139,1140,2022-05-05,348,GIxOBYmqEi8
1140,1141,2022-05-05,681,6DiJaODKUmE
1141,1142,2022-05-05,773,KUDbj0oeAj0
1142,1143,2022-05-05,844,wwQGcrieqNU
1143,1144,2022-05-05,904,G1mPnQM5hQ0
1144,1145,2022-05-05,223,KmVG1Yx1kwQ
1145,1146,2022-05-05,799,KUDbj0oeAj0
1146,1147,2022-05-05,233,KnE6u4hFx14
1147,1148,2022-05-05,920,aBOiWx46P3Q
1148,1149,2022-05-05,248,e1tOrEewEwk
1149,1150,2022-05-05,470,1hx4vCChBlI
1150,1151,2022-05-05,385,z6512XKKNkU
1151,1152,2022-05-05,194,1TDIAObsqcs
1152,1153,2022-05-05,485,fzSNu5-47oE
1153,1154,2022-05-05,277,8Y_NXBHm92w
1154,1155,2022-05-05,754,1rjqHF4wclg
1155,1156,2022-05-05,119,fgk2KxK4iAo
1156,1157,2022-05-05,662,u_CekGA9CA0
1157,1158,2022-05-05,780,7vR2lPExR00
1158,1159,2022-05-05,787,xTpr7piQu2M
1159,1160,2022-05-05,561,6tV8yYKsBV4
1160,1161,2022-05-05,942,vRXZj0DzXIA
1161,1162,2022-05-05,542,Yvlmj0rtnpc
1162,1163,2022-05-05,631,kcynVTnaHw0
1163,1164,2022-05-05,392,3hTYDKptNOk
1164,1165,2022-05-05,908,1rjqHF4wclg
1165,1166,2022-05-05,965,KilybZma5vY
1166,1167,2022-05-05,563,5D4vjndnB0w
1167,1168,2022-05-05,776,EpGCCKB3Oag
1168,1169,2022-05-05,209,SsWHMAhshPQ
1169,1170,2022-05-05,277,6t8mcSuA0sg
1170,1171,2022-05-05,552,n7CuyHF_0rY
1171,1172,2022-05-05,865,eNpx7dxcWBI
1172,1173,2022-05-05,140,UUOGVgComrU
1173,1174,2022-05-05,738,9NS6J-zYAQw
1174,1175,2022-05-05,786,KNyuYlj_1yw
1175,1176,2022-05-05,728,khhxZRo527Q
1176,1177,2022-05-05,186,cAtazIk1IYw
1177,1178,2022-05-05,4,4RtsXnvVIk8
1178,1179,2022-05-05,306,JijFLcbIqMs
1179,1180,2022-05-05,983,RfZVnGZVV4s
1180,1181,2022-05-05,525,l6yzZdHruUI
1181,1182,2022-05-05,824,-bCiD4QGSvQ
1182,1183,2022-05-05,239,ANdAEztmFiA
1183,1184,2022-05-05,121,5DvmM7nPqVA
1184,1185,2022-05-05,818,4xCRT_jTJg0
1185,1186,2022-05-05,6,RS7O1Rar1E8
1186,1187,2022-05-05,908,cimnKDoCViY
1187,1188,2022-05-05,837,b8pSdMHicYw
1188,1189,2022-05-05,828,aBa-IuohM20
1189,1190,2022-05-05,738,Dn4WxSPmTeU
1190,1191,2022-05-05,379,Yvlmj0rtnpc
1191,1192,2022-05-05,44,seHKtHmCo3w
1192,1193,2022-05-05,324,x2JkhZd_Kxc
1193,1194,2022-05-05,473,JJ9qodnOS2M
1194,1195,2022-05-05,298,GldH1rNEhok
1195,1196,2022-05-05,496,EDO8Z3O7lus
1196,1197,2022-05-05,917,bGhtSsYl_Jo
1197,1198,2022-05-05,189,caKJds7N1Co
1198,1199,2022-05-05,955,CLUWDLKAF1M
1199,1200,2022-05-05,506,Vxo8S4kt5Ts
1200,1201,2022-05-05,236,g_W0-XVovr4
1201,1202,2022-05-05,889,hSeBV1yFsSE
1202,1203,2022-05-05,460,SEp7gnM0Ms8
1203,1204,2022-05-05,645,vOpySfXMe6w
1204,1205,2022-05-05,722,jbwLmmlixJs
1205,1206,2022-05-05,502,7CZ216Spzpc
1206,1207,2022-05-05,800,vOpySfXMe6w
1207,1208,2022-05-05,923,NSuaUok-wTY
1208,1209,2022-05-05,456,WCo2rcc97AQ
1209,1210,2022-05-05,389,YON0XPlklcw
1210,1211,2022-05-05,1,y34p0I3ULX4
1211,1212,2022-05-05,501,c5AqSPDWflA
1212,1213,2022-05-05,808,2xPKE0koJtc
1213,1214,2022-05-05,423,zUPUle3r390
1214,1215,2022-05-05,990,s7Rne3KEms8
1215,1216,2022-05-05,570,6rhLJ6T6NDI
1216,1217,2022-05-05,219,3olsPmfbkVU
1217,1218,2022-05-05,128,QjB3I4zaKRk
1218,1219,2022-05-05,132,dlduZtBGecQ
1219,1220,2022-05-05,328,aoki_izFGOg
1220,1221,2022-05-05,534,G6PZm8vhm6I
1221,1222,2022-05-05,872,7d-t0cJ_HQ0
1222,1223,2022-05-05,132,sSjtGqRXQ9Y
1223,1224,2022-05-05,116,6tV8yYKsBV4
1224,1225,2022-05-05,344,cimnKDoCViY
1225,1226,2022-05-05,532,xE2f745DICI
1226,1227,2022-05-05,993,sDBODXMrcj8
1227,1228,2022-05-05,362,FTKP0Y9MVus
1228,1229,2022-05-05,418,SVdTANAb0LY
1229,1230,2022-05-05,435,2m4KvR8hZwk
1230,1231,2022-05-05,311,f8T_-E1ViVw
1231,1232,2022-05-05,237,f7rq3DeFZew
1232,1233,2022-05-05,415,O10tb7s1ja4
1233,1234,2022-05-05,863,bUAxPG3GYi8
1234,1235,2022-05-05,879,ol4BJbIZHW4
1235,1236,2022-05-05,318,epKhvHMjAvs
1236,1237,2022-05-05,798,GyCagepF_T4
1237,1238,2022-05-05,437,qYrELVEGJkg
1238,1239,2022-05-05,742,dnXMsBekX80
1239,1240,2022-05-05,608,fV4S1iucx3Y
1240,1241,2022-05-05,515,X57qD_LTRgY
1241,1242,2022-05-05,450,F82kzN-ae3o
1242,1243,2022-05-05,78,eNpx7dxcWBI
1243,1244,2022-05-05,739,ar6UiTbuoSU
1244,1245,2022-05-05,864,ympxn9Meq9E
1245,1246,2022-05-05,941,IFYqqgWNT-Q
1246,1247,2022-05-05,439,jbwLmmlixJs
1247,1248,2022-05-05,64,rs2Rcu0s_2k
1248,1249,2022-05-05,207,F725ZHDAfQo
1249,1250,2022-05-05,905,D5LbWhfElgk
1250,1251,2022-05-05,294,ymyY7jez0rM
1251,1252,2022-05-05,577,waImBy8OMrs
1252,1253,2022-05-05,702,2eBQc6uENOo
1253,1254,2022-05-05,828,446fgjNuhTQ
1254,1255,2022-05-05,456,EK8jXqZVfXo
1255,1256,2022-05-05,688,nPO2XNDFWN0
1256,1257,2022-05-05,540,HFOK-RHimkw
1257,1258,2022-05-05,777,smFvR_-8xh0
1258,1259,2022-05-05,358,xNqVgmijpZI
1259,1260,2022-05-05,298,lcnWx5tiwhM
1260,1261,2022-05-05,490,FU92piysGBg
1261,1262,2022-05-05,541,kcynVTnaHw0
1262,1263,2022-05-05,889,GTp-0S82guE
1263,1264,2022-05-05,559,3N7OVLyRK6g
1264,1265,2022-05-05,722,WJFPVxlPYl8
1265,1266,2022-05-05,763,Ti3hglIhVD8
1266,1267,2022-05-05,677,WXGe48-MmOg
1267,1268,2022-05-05,372,n_8hxS_7Vis
1268,1269,2022-05-05,987,OSX3ik9Z4X8
1269,1270,2022-05-05,659,p7HGUZWq_8s
1270,1271,2022-05-05,933,xNqVgmijpZI
1271,1272,2022-05-05,608,M9Pmf9AB4Mo
1272,1273,2022-05-05,247,f8T_-E1ViVw
1273,1274,2022-05-05,634,DolI_GRcc3M
1274,1275,2022-05-05,8,b8pSdMHicYw
1275,1276,2022-05-05,428,JUw1Y7RBCzM
1276,1277,2022-05-05,837,K7LY9Ta0eiY
1277,1278,2022-05-05,97,uK6aIEqpSa4
1278,1279,2022-05-05,768,g0P4j0l__rA
1279,1280,2022-05-05,627,rYErvhVhlzU
1280,1281,2022-05-05,881,L83xHjt4goc
1281,1282,2022-05-05,598,9Wo9U7Cp8Fs
1282,1283,2022-05-05,171,qiC1HPtvxC0
1283,1284,2022-05-05,865,GldH1rNEhok
1284,1285,2022-05-05,287,zU6YfDu2EIs
1285,1286,2022-05-05,731,pJJR4yaM8y0
1286,1287,2022-05-05,506,3qxGj18nAR4
1287,1288,2022-05-05,933,WY1ptfuqWa8
1288,1289,2022-05-05,45,FGTRPM2qmR8
1289,1290,2022-05-05,777,SGQPEavFew0
1290,1291,2022-05-05,53,kXLn3HkpjaA
1291,1292,2022-05-05,516,j_rXSJm-7zg
1292,1293,2022-05-05,961,yM3Clkm4yeY
1293,1294,2022-05-05,664,euiSHuaw6Q4
1294,1295,2022-05-05,165,mKPKlNZe7hU
1295,1296,2022-05-05,72,quFlP3cRCFs
1296,1297,2022-05-05,400,6g0P65dhYsY
1297,1298,2022-05-05,523,JXyIE7x78Tc
1298,1299,2022-05-05,934,f8T_-E1ViVw
1299,1300,2022-05-05,667,53PcrhnHuwQ
1300,1301,2022-05-05,893,BLXyRlsjQBU
1301,1302,2022-05-05,350,b-0BSwQg540
1302,1303,2022-05-05,969,dX480fsk510
1303,1304,2022-05-05,321,aP-6YKPn09Q
1304,1305,2022-05-05,119,kgkALngcgnE
1305,1306,2022-05-05,447,GGEBtW2mWOk
1306,1307,2022-05-05,837,-rn_R1aheK8
1307,1308,2022-05-05,143,bGhtSsYl_Jo
1308,1309,2022-05-05,23,jmFd8oF_ipc
1309,1310,2022-05-05,531,2niuD73hIpM
1310,1311,2022-05-05,982,K534XSllAEE
1311,1312,2022-05-05,545,V06FJGSQ3Ug
1312,1313,2022-05-05,729,sMHDkx0hUG4
1313,1314,2022-05-05,471,3LopI4YeC4I
1314,1315,2022-05-05,916,-En3A2-N9R8
1315,1316,2022-05-05,494,wheQWur9ZVM
1316,1317,2022-05-05,60,qiC1HPtvxC0
1317,1318,2022-05-05,859,2ZmxTqnbTCE
1318,1319,2022-05-05,397,bmnSitmxk8c
1319,1320,2022-05-05,781,x2JkhZd_Kxc
1320,1321,2022-05-05,211,0dkEl7Rbhm8
1321,1322,2022-05-05,255,tFZEP1z5Tr4
1322,1323,2022-05-05,401,1-o42q7yjA4
1323,1324,2022-05-05,726,z9i14AlzWL0
1324,1325,2022-05-05,558,JUw1Y7RBCzM
1325,1326,2022-05-05,841,UYEyhB0AGlw
1326,1327,2022-05-05,811,POMaMQ8wgyk
1327,1328,2022-05-05,47,bps3m4eFTuE
1328,1329,2022-05-05,753,fw4R3BLMc3U
1329,1330,2022-05-05,859,bmnSitmxk8c
1330,1331,2022-05-05,265,QwzvNAAqH3g
1331,1332,2022-05-05,666,rZUTFDjDZSQ
1332,1333,2022-05-05,691,sUQYaF4yH0Y
1333,1334,2022-05-05,655,PORP0q8nThs
1334,1335,2022-05-05,846,UUOGVgComrU
1335,1336,2022-05-05,641,ZkK3GEDEZ3c
1336,1337,2022-05-05,593,dlduZtBGecQ
1337,1338,2022-05-05,366,o2L1mnfIjtA
1338,1339,2022-05-05,764,Q_KW4u0t07k
1339,1340,2022-05-05,47,_x1svKamqbI
1340,1341,2022-05-05,272,x4ee0l_moRo
1341,1342,2022-05-05,179,BNgT_WWmS44
1342,1343,2022-05-05,22,1-9FEL1gkrA
1343,1344,2022-05-05,209,CXEDkqVCRvI
1344,1345,2022-05-05,773,kSK-wfF8QeM
1345,1346,2022-05-05,534,OrMit-U7cxA
1346,1347,2022-05-05,446,279RNoP5UyU
1347,1348,2022-05-05,503,arIdokXZtiI
1348,1349,2022-05-05,880,OrMit-U7cxA
1349,1350,2022-05-05,536,ldvBrgP35x8
1350,1351,2022-05-05,732,c-ogahIlhWk
1351,1352,2022-05-05,989,SsWHMAhshPQ
1352,1353,2022-05-05,84,c5AqSPDWflA
1353,1354,2022-05-05,53,toY8nBdJOg8
1354,1355,2022-05-05,81,OSX3ik9Z4X8
1355,1356,2022-05-05,351,9KuBzafhx6A
1356,1357,2022-05-05,344,5zEjIEP1038
1357,1358,2022-05-05,822,446fgjNuhTQ
1358,1359,2022-05-05,596,-navJLrLOEQ
1359,1360,2022-05-05,698,sekgz68Lewo
1360,1361,2022-05-05,268,jAQ6451SE8A
1361,1362,2022-05-05,823,BpXkl4VdFhA
1362,1363,2022-05-05,49,7KTt4_M09Rw
1363,1364,2022-05-05,934,xTdlzAz_ekw
1364,1365,2022-05-05,837,W7VK4DUHvKU
1365,1366,2022-05-05,273,wTowEKjDGkU
1366,1367,2022-05-05,254,JCkyKujZplk
1367,1368,2022-05-05,746,PORP0q8nThs
1368,1369,2022-05-05,818,n4fXmZTVdZg
1369,1370,2022-05-05,231,JX3OU5weSOQ
1370,1371,2022-05-05,231,8s-S7SuQ-8g
1371,1372,2022-05-05,1000,GldH1rNEhok
1372,1373,2022-05-05,373,RJFNrdfvHbY
1373,1374,2022-05-05,56,POhsRpnErqA
1374,1375,2022-05-05,49,beK5UsDccxE
1375,1376,2022-05-05,586,j3zapgI1dx8
1376,1377,2022-05-05,75,6f-jjV5LJoE
1377,1378,2022-05-05,445,700rLysz88s
1378,1379,2022-05-05,439,GGEBtW2mWOk
1379,1380,2022-05-05,703,b7RTxqNC2Ac
1380,1381,2022-05-05,283,zk_xpfNOKoE
1381,1382,2022-05-05,656,JIqNeCbxICU
1382,1383,2022-05-05,684,nV7ekK30-e8
1383,1384,2022-05-05,235,dnXMsBekX80
1384,1385,2022-05-05,177,f-DKXTC_6K8
1385,1386,2022-05-05,890,8yqpfLLG_vQ
1386,1387,2022-05-05,16,gpY9qUbPXbM
1387,1388,2022-05-05,360,IY2qgeqLOvo
1388,1389,2022-05-05,101,7vR2lPExR00
1389,1390,2022-05-05,209,446fgjNuhTQ
1390,1391,2022-05-05,375,b-0BSwQg540
1391,1392,2022-05-05,695,Th7Ega6WwJQ
1392,1393,2022-05-05,155,OwZ_hodT5CA
1393,1394,2022-05-05,474,j3zapgI1dx8
1394,1395,2022-05-05,690,X57qD_LTRgY
1395,1396,2022-05-05,282,95s_CrR1DVM
1396,1397,2022-05-05,389,MZI1BxXbhss
1397,1398,2022-05-05,774,aP1DPbBGxRE
1398,1399,2022-05-05,370,Of_C9g9O9KY
1399,1400,2022-05-05,15,JIqNeCbxICU
1400,1401,2022-05-05,54,Oe9naV81gdY
1401,1402,2022-05-05,178,Qn8dMQJlDZE
1402,1403,2022-05-05,755,kyq1Qu5vA_I
1403,1404,2022-05-05,241,aP1DPbBGxRE
1404,1405,2022-05-05,1,Rm9t94mpkjo
1405,1406,2022-05-05,842,1PDKlfbi4tY
1406,1407,2022-05-05,722,f7rq3DeFZew
1407,1408,2022-05-05,692,NYXABBpPJss
1408,1409,2022-05-05,710,IFYqqgWNT-Q
1409,1410,2022-05-05,675,aP-6YKPn09Q
1410,1411,2022-05-05,306,Jir-WItz1OI
1411,1412,2022-05-05,960,kQboNb4KcZk
1412,1413,2022-05-05,973,z9i14AlzWL0
1413,1414,2022-05-05,528,AxZl2cFvjRs
1414,1415,2022-05-05,129,OcXbdD_KyDo
1415,1416,2022-05-05,801,aNabRnlnY1I
1416,1417,2022-05-05,942,g_W0-XVovr4
1417,1418,2022-05-05,620,-n8IrFPSFCU
1418,1419,2022-05-05,729,GYeKX_LPY9U
1419,1420,2022-05-05,789,fHKNO3DV78M
1420,1421,2022-05-05,616,2qnLZ1azPTo
1421,1422,2022-05-05,395,dTAmQUgOt0M
1422,1423,2022-05-05,118,Dc8XsWQMcs8
1423,1424,2022-05-05,860,prSxHZBY3CU
1424,1425,2022-05-05,980,YuCqyvBlcK8
1425,1426,2022-05-05,752,NMahDXfzH10
1426,1427,2022-05-05,187,7erD56xKJaM
1427,1428,2022-05-05,905,4xCRT_jTJg0
1428,1429,2022-05-05,338,DDJVz6tsRcw
1429,1430,2022-05-05,472,D5LbWhfElgk
1430,1431,2022-05-05,232,fITRL6oXWao
1431,1432,2022-05-05,129,53sqVjcdM4Q
1432,1433,2022-05-05,164,ySo1_loUkcQ
1433,1434,2022-05-05,692,XDCXT7C7lnk
1434,1435,2022-05-05,677,cUUtHs-V1Uw
1435,1436,2022-05-05,153,OwZ_hodT5CA
1436,1437,2022-05-05,439,JxAlZOn4QhM
1437,1438,2022-05-05,998,xNFEor9dhY0
1438,1439,2022-05-05,993,JUw1Y7RBCzM
1439,1440,2022-05-05,624,Idp1xvmLPHo
1440,1441,2022-05-05,684,eBD807HxU2w
1441,1442,2022-05-05,687,jn5M48MVWyg
1442,1443,2022-05-05,621,3qxGj18nAR4
1443,1444,2022-05-05,114,lnhGb-MO4vc
1444,1445,2022-05-05,510,xCkpA4_H1x4
1445,1446,2022-05-05,506,nk44yPCN3gM
1446,1447,2022-05-05,243,rmn4F-K2RRI
1447,1448,2022-05-05,875,2p2L1g5t_34
1448,1449,2022-05-05,111,smFvR_-8xh0
1449,1450,2022-05-05,648,7pgY_TpojtU
1450,1451,2022-05-05,854,N5KpIE2tz8M
1451,1452,2022-05-05,351,7CZ216Spzpc
1452,1453,2022-05-05,430,ETxKSuaskGc
1453,1454,2022-05-05,845,SnBc7Z1fc1Y
1454,1455,2022-05-05,155,tlaJcXTEFWs
1455,1456,2022-05-05,524,bpmGuPhGE0Y
1456,1457,2022-05-05,249,D-ocerKPufk
1457,1458,2022-05-05,788,3olsPmfbkVU
1458,1459,2022-05-05,468,GsL8veaFW-s
1459,1460,2022-05-05,717,SnsPZj91R7E
1460,1461,2022-05-05,784,4rjNpA94ly4
1461,1462,2022-05-05,229,l_uC-_24jR8
1462,1463,2022-05-05,772,eu9A-OxlSjs
1463,1464,2022-05-05,881,QZ2F3ZP1sxg
1464,1465,2022-05-05,347,iYKXdt0LRs8
1465,1466,2022-05-05,452,w-aidBdvZo8
1466,1467,2022-05-05,35,_J9Z74dQXrQ
1467,1468,2022-05-05,999,P-gLOsDjE3E
1468,1469,2022-05-05,111,JM1U-Whb-P0
1469,1470,2022-05-05,292,vRFS0MYTC1I
1470,1471,2022-05-05,687,x2JkhZd_Kxc
1471,1472,2022-05-05,174,aG8QsfDisdg
1472,1473,2022-05-05,407,Ga6Mrw6TCmw
1473,1474,2022-05-05,322,FoSe_KAQEr8
1474,1475,2022-05-05,283,drEzDIiESZg
1475,1476,2022-05-05,20,KNyuYlj_1yw
1476,1477,2022-05-05,165,OplU67FMw5U
1477,1478,2022-05-05,633,2m4KvR8hZwk
1478,1479,2022-05-05,243,knrznW_WHC0
1479,1480,2022-05-05,988,-risbrFHbBU
1480,1481,2022-05-05,551,XB6k7PC-CWM
1481,1482,2022-05-05,393,ACKYhlBi98Q
1482,1483,2022-05-05,362,pPajUA64b0o
1483,1484,2022-05-05,19,nt3VVyv5pxQ
1484,1485,2022-05-05,425,D5LbWhfElgk
1485,1486,2022-05-05,514,Ut4atfudXr8
1486,1487,2022-05-05,324,LNDhIGR-83w
1487,1488,2022-05-05,831,Biagyb7AcK8
1488,1489,2022-05-05,590,vwOK_k-f8MA
1489,1490,2022-05-05,470,MS82JAkBkDY
1490,1491,2022-05-05,531,NYXABBpPJss
1491,1492,2022-05-05,590,84lMEGPUmi4
1492,1493,2022-05-05,236,WXGe48-MmOg
1493,1494,2022-05-05,728,GTp-0S82guE
1494,1495,2022-05-05,511,yeyVlma6910
1495,1496,2022-05-05,144,aBa-IuohM20
1496,1497,2022-05-05,638,B_Z4_wEs3q0
1497,1498,2022-05-05,813,MPMJin0BTqE
1498,1499,2022-05-05,887,EukpxRuDUzA
